<?xml version="1.0" encoding="UTF-8" standalone="no"?> 

<!-- Physical pin location and I/O standards for component interfaces described in board.xml -->
<part_info part_name="xc7z020clg400-1">
	<pins>
		<pin index="0" name ="leds_2bits_tri_o_0" iostandard="LVCMOS33" loc="W13"/>
		<pin index="1" name ="leds_2bits_tri_o_1" iostandard="LVCMOS33" loc="V12"/>
		<pin index="2" name ="btns_4bits_tri_i_0" iostandard="LVCMOS33" loc="R18"/>
		<pin index="3" name ="btns_4bits_tri_i_1" iostandard="LVCMOS33" loc="T17"/>
		<pin index="4" name ="btns_4bits_tri_i_2" iostandard="LVCMOS33" loc="R14"/>
		<pin index="5" name ="btns_4bits_tri_i_3" iostandard="LVCMOS33" loc="P14"/>		
		<pin index="6" name ="sws_2bits_tri_i_0" iostandard="LVCMOS33" loc="W19"/>
		<pin index="7" name ="sws_2bits_tri_i_1" iostandard="LVCMOS33" loc="W18"/>				
	</pins>
</part_info>
